{
	"format_version": "1.8.0",
	"animations": {
		"animation.model-01.walk": {
			"loop": true,
			"animation_length": 1,
			"bones": {
				"head": {
					"rotation": {
						"0.0": [0, 0, 5],
						"0.2917": [-5, 0, -2.29167],
						"0.5": [0, 0, -7.5],
						"0.75": [5, 0, -1.25],
						"1.0": [0, 0, 5]
					}
				},
				"torso": {
					"rotation": {
						"0.0": [0, 0, 2.5],
						"0.2917": [-3.99928, -0.13113, -3.51715],
						"0.5": [-2.4905, -0.21782, -7.49527],
						"0.75": [3.75475, -0.10891, -2.49763],
						"1.0": [0, 0, 2.5]
					}
				},
				"leftarm": {
					"rotation": {
						"0.0": [-30, 0, 0],
						"0.5": [27.5, 0, 0],
						"1.0": [-30, 0, 0]
					}
				},
				"rightarm": {
					"rotation": {
						"0.0": [30, 0, 0],
						"0.5": [-25, 0, 0],
						"1.0": [30, 0, 0]
					}
				},
				"leftleg": {
					"rotation": {
						"0.0": [27.5, 0, 0],
						"0.5": [-32.5, 0, 0],
						"1.0": [27.5, 0, 0]
					}
				},
				"rightleg": {
					"rotation": {
						"0.0": [-32.5, 0, 0],
						"0.5": [22.5, 0, 0],
						"1.0": [-32.5, 0, 0]
					}
				}
			}
		}
	}
}